{
  "Ansi 6 Color" : {
    "Red Component" : 0.1467953324317932,
    "Color Space" : "Calibrated",
    "Blue Component" : 0.5250226855278015,
    "Alpha Component" : 1,
    "Green Component" : 0.5708236694335938
  },
  "Tags" : [

  ],
  "Ansi 12 Color" : {
    "Red Component" : 0.1127557978034019,
    "Color Space" : "Calibrated",
    "Blue Component" : 0.9988812208175659,
    "Alpha Component" : 1,
    "Green Component" : 0.8884169459342957
  },
  "Ansi 2 Color" : {
    "Red Component" : 0.07919050008058548,
    "Color Space" : "Calibrated",
    "Blue Component" : 0.009502183645963669,
    "Alpha Component" : 1,
    "Green Component" : 0.60272616147995
  },
  "Normal Font" : "Hack-Regular 15",
  "Bold Color" : {
    "Green Component" : 0.5648583769798279,
    "Blue Component" : 0.5636365413665771,
    "Red Component" : 0.5059919357299805
  },
  "Custom Directory" : "Recycle",
  "Ansi 3 Color" : {
    "Red Component" : 0.9989985227584839,
    "Color Space" : "Calibrated",
    "Blue Component" : 0.04193267598748207,
    "Alpha Component" : 1,
    "Green Component" : 0.9322096109390259
  },
  "Ansi 5 Color" : {
    "Green Component" : 0.1080246344208717,
    "Blue Component" : 0.4351663589477539,
    "Red Component" : 0.7773894071578979
  },
  "Rows" : 25,
  "Default Bookmark" : "No",
  "Send Idle Alert" : true,
  "Cursor Guide Color" : {
    "Red Component" : 0.3995760083198547,
    "Color Space" : "Calibrated",
    "Blue Component" : 0.8181585073471069,
    "Alpha Component" : 0.1681976318359375,
    "Green Component" : 0.2953825294971466
  },
  "Non-ASCII Anti Aliased" : true,
  "Use Bright Bold" : true,
  "Ansi 10 Color" : {
    "Red Component" : 0.1704548895359039,
    "Color Space" : "Calibrated",
    "Blue Component" : 0.02530806511640549,
    "Alpha Component" : 1,
    "Green Component" : 1
  },
  "Use Cursor Guide" : true,
  "Ambiguous Double Width" : false,
  "Jobs to Ignore" : [
    "rlogin",
    "ssh",
    "slogin",
    "telnet"
  ],
  "Ansi 15 Color" : {
    "Green Component" : 0.9579439163208008,
    "Blue Component" : 0.8640598058700562,
    "Red Component" : 0.9894341826438904
  },
  "Foreground Color" : {
    "Red Component" : 0.6193944811820984,
    "Color Space" : "Calibrated",
    "Blue Component" : 0.5256781578063965,
    "Alpha Component" : 1,
    "Green Component" : 0.5819858908653259
  },
  "Bound Hosts" : [

  ],
  "Working Directory" : "\/Users\/ccorwin",
  "Blinking Cursor" : false,
  "Disable Window Resizing" : true,
  "Sync Title" : false,
  "Prompt Before Closing 2" : false,
  "BM Growl" : true,
  "Command" : "",
  "Description" : "Default",
  "Smart Cursor Color" : false,
  "Mouse Reporting" : true,
  "Screen" : -1,
  "Selection Color" : {
    "Red Component" : 0.4384647011756897,
    "Color Space" : "Calibrated",
    "Blue Component" : 0.7498607039451599,
    "Alpha Component" : 1,
    "Green Component" : 0
  },
  "Columns" : 80,
  "Idle Code" : 0,
  "Ansi 13 Color" : {
    "Red Component" : 0.9859665632247925,
    "Color Space" : "Calibrated",
    "Blue Component" : 0.4803767800331116,
    "Alpha Component" : 1,
    "Green Component" : 0
  },
  "Send New Output Alert" : true,
  "Custom Command" : "No",
  "ASCII Anti Aliased" : true,
  "Non Ascii Font" : "Monaco 12",
  "Vertical Spacing" : 1,
  "Use Bold Font" : false,
  "Option Key Sends" : 0,
  "Selected Text Color" : {
    "Green Component" : 0.5648583769798279,
    "Blue Component" : 0.5636365413665771,
    "Red Component" : 0.5059919357299805
  },
  "Background Color" : {
    "Red Component" : 0.05098564550280571,
    "Color Space" : "Calibrated",
    "Blue Component" : 0.1291383504867554,
    "Alpha Component" : 1,
    "Green Component" : 0
  },
  "Character Encoding" : 4,
  "Ansi 11 Color" : {
    "Red Component" : 0.998269259929657,
    "Color Space" : "Calibrated",
    "Blue Component" : 0.03923041373491287,
    "Alpha Component" : 1,
    "Green Component" : 0.902064323425293
  },
  "Use Italic Font" : true,
  "Unlimited Scrollback" : false,
  "Keyboard Map" : {
    "0x5e-0x60000" : {
      "Action" : 11,
      "Text" : "0x1e"
    },
    "0xf702-0x280000" : {
      "Action" : 11,
      "Text" : "0x1b 0x1b 0x5b 0x44"
    },
    "0xf702-0x260000" : {
      "Action" : 11,
      "Text" : "0x1b 0x1b 0x5b 0x44"
    },
    "0xf703-0x280000" : {
      "Action" : 11,
      "Text" : "0x1b 0x1b 0x5b 0x43"
    },
    "0xf70a-0x20000" : {
      "Action" : 10,
      "Text" : "[28~"
    },
    "0xf703-0x260000" : {
      "Action" : 10,
      "Text" : "[C"
    },
    "0x2d-0x40000" : {
      "Action" : 11,
      "Text" : "0x1f"
    },
    "0xf702-0x220000" : {
      "Action" : 10,
      "Text" : "[D"
    },
    "0xf703-0x240000" : {
      "Action" : 10,
      "Text" : "[5C"
    },
    "0xf703-0x220000" : {
      "Action" : 10,
      "Text" : "[C"
    },
    "0xf700-0x280000" : {
      "Action" : 10,
      "Text" : "[A"
    },
    "0xf72b-0x20000" : {
      "Action" : 10,
      "Text" : "[F"
    },
    "0xf700-0x260000" : {
      "Action" : 10,
      "Text" : "[A"
    },
    "0xf701-0x280000" : {
      "Action" : 10,
      "Text" : "[B"
    },
    "0xf700-0x240000" : {
      "Action" : 10,
      "Text" : "[A"
    },
    "0xf701-0x260000" : {
      "Action" : 10,
      "Text" : "[B"
    },
    "0xf700-0x220000" : {
      "Action" : 10,
      "Text" : "[A"
    },
    "0xf701-0x240000" : {
      "Action" : 10,
      "Text" : "[B"
    },
    "0xf72b-0x40000" : {
      "Action" : 4,
      "Text" : ""
    },
    "0xf708-0x20000" : {
      "Action" : 10,
      "Text" : "[25~"
    },
    "0xf701-0x220000" : {
      "Action" : 10,
      "Text" : "[B"
    },
    "0xf709-0x20000" : {
      "Action" : 10,
      "Text" : "[26~"
    },
    "0xf70b-0x20000" : {
      "Action" : 10,
      "Text" : "[29~"
    },
    "0xf702-0x240000" : {
      "Action" : 10,
      "Text" : "[5D"
    },
    "0xf729-0x20000" : {
      "Action" : 10,
      "Text" : "[H"
    },
    "0xf729-0x40000" : {
      "Action" : 5,
      "Text" : ""
    },
    "0x2e-0x100000" : {
      "Text" : "0x03",
      "Action" : 11
    }
  },
  "Window Type" : 0,
  "Blur Radius" : 7.600721153846154,
  "Use HFS Plus Mapping" : false,
  "Background Image Location" : "",
  "Blur" : true,
  "Badge Color" : {
    "Red Component" : 1,
    "Color Space" : "Calibrated",
    "Blue Component" : 0,
    "Alpha Component" : 0.5,
    "Green Component" : 0
  },
  "Blink Allowed" : true,
  "Scrollback Lines" : 1000,
  "Send Code When Idle" : false,
  "Close Sessions On End" : true,
  "Terminal Type" : "xterm-256color",
  "Visual Bell" : true,
  "Flashing Bell" : true,
  "Badge Text" : "",
  "Silence Bell" : true,
  "Ansi 14 Color" : {
    "Red Component" : 0.1127558723092079,
    "Color Space" : "Calibrated",
    "Blue Component" : 0.9988812208175659,
    "Alpha Component" : 1,
    "Green Component" : 0.8884168863296509
  },
  "Name" : "Homebrew-csc",
  "Cursor Text Color" : {
    "Green Component" : 0.155759260058403,
    "Blue Component" : 0.1937013864517212,
    "Red Component" : 0
  },
  "Shortcut" : "",
  "Cursor Color" : {
    "Red Component" : 0.2183805406093597,
    "Color Space" : "Calibrated",
    "Blue Component" : 0.1395104080438614,
    "Alpha Component" : 1,
    "Green Component" : 0.6148483753204346
  },
  "Ansi 0 Color" : {
    "Green Component" : 0.155759260058403,
    "Blue Component" : 0.1937013864517212,
    "Red Component" : 0
  },
  "Guid" : "72EA9912-1866-48CC-9291-E1B8FFDF9F41",
  "Transparency" : 0.07867511094674556,
  "Horizontal Spacing" : 1,
  "Link Color" : {
    "Red Component" : 0.023,
    "Color Space" : "Calibrated",
    "Blue Component" : 0.678,
    "Alpha Component" : 1,
    "Green Component" : 0.27
  },
  "Right Option Key Sends" : 0,
  "Use Non-ASCII Font" : false,
  "Ansi 7 Color" : {
    "Green Component" : 0.8900123834609985,
    "Blue Component" : 0.7978110313415527,
    "Red Component" : 0.916110634803772
  },
  "Ansi 8 Color" : {
    "Red Component" : 0.3258469700813293,
    "Color Space" : "Calibrated",